ROI,model,x,y,is_winner
L_HEAD_DGCA23_HEAD_SUB_14,Linear,1,-0.164420411111111,0
L_HEAD_DGCA23_HEAD_SUB_14,Linear,1.01005025125628,-0.163918293523171,0
L_HEAD_DGCA23_HEAD_SUB_14,Linear,1.02010050251256,-0.163416175935232,0
L_HEAD_DGCA23_HEAD_SUB_14,Linear,1.03015075376884,-0.162914058347292,0
L_HEAD_DGCA23_HEAD_SUB_14,Linear,1.04020100502513,-0.162411940759352,0
L_HEAD_DGCA23_HEAD_SUB_14,Linear,1.05025125628141,-0.161909823171413,0
L_HEAD_DGCA23_HEAD_SUB_14,Linear,1.06030150753769,-0.161407705583473,0
L_HEAD_DGCA23_HEAD_SUB_14,Linear,1.07035175879397,-0.160905587995533,0
L_HEAD_DGCA23_HEAD_SUB_14,Linear,1.08040201005025,-0.160403470407593,0
L_HEAD_DGCA23_HEAD_SUB_14,Linear,1.09045226130653,-0.159901352819654,0
L_HEAD_DGCA23_HEAD_SUB_14,Linear,1.10050251256281,-0.159399235231714,0
L_HEAD_DGCA23_HEAD_SUB_14,Linear,1.1105527638191,-0.158897117643774,0
L_HEAD_DGCA23_HEAD_SUB_14,Linear,1.12060301507538,-0.158395000055835,0
L_HEAD_DGCA23_HEAD_SUB_14,Linear,1.13065326633166,-0.157892882467895,0
L_HEAD_DGCA23_HEAD_SUB_14,Linear,1.14070351758794,-0.157390764879955,0
L_HEAD_DGCA23_HEAD_SUB_14,Linear,1.15075376884422,-0.156888647292016,0
L_HEAD_DGCA23_HEAD_SUB_14,Linear,1.1608040201005,-0.156386529704076,0
L_HEAD_DGCA23_HEAD_SUB_14,Linear,1.17085427135678,-0.155884412116136,0
L_HEAD_DGCA23_HEAD_SUB_14,Linear,1.18090452261307,-0.155382294528196,0
L_HEAD_DGCA23_HEAD_SUB_14,Linear,1.19095477386935,-0.154880176940257,0
L_HEAD_DGCA23_HEAD_SUB_14,Linear,1.20100502512563,-0.154378059352317,0
L_HEAD_DGCA23_HEAD_SUB_14,Linear,1.21105527638191,-0.153875941764377,0
L_HEAD_DGCA23_HEAD_SUB_14,Linear,1.22110552763819,-0.153373824176438,0
L_HEAD_DGCA23_HEAD_SUB_14,Linear,1.23115577889447,-0.152871706588498,0
L_HEAD_DGCA23_HEAD_SUB_14,Linear,1.24120603015075,-0.152369589000558,0
L_HEAD_DGCA23_HEAD_SUB_14,Linear,1.25125628140704,-0.151867471412619,0
L_HEAD_DGCA23_HEAD_SUB_14,Linear,1.26130653266332,-0.151365353824679,0
L_HEAD_DGCA23_HEAD_SUB_14,Linear,1.2713567839196,-0.150863236236739,0
L_HEAD_DGCA23_HEAD_SUB_14,Linear,1.28140703517588,-0.1503611186488,0
L_HEAD_DGCA23_HEAD_SUB_14,Linear,1.29145728643216,-0.14985900106086,0
L_HEAD_DGCA23_HEAD_SUB_14,Linear,1.30150753768844,-0.14935688347292,0
L_HEAD_DGCA23_HEAD_SUB_14,Linear,1.31155778894472,-0.14885476588498,0
L_HEAD_DGCA23_HEAD_SUB_14,Linear,1.32160804020101,-0.148352648297041,0
L_HEAD_DGCA23_HEAD_SUB_14,Linear,1.33165829145729,-0.147850530709101,0
L_HEAD_DGCA23_HEAD_SUB_14,Linear,1.34170854271357,-0.147348413121161,0
L_HEAD_DGCA23_HEAD_SUB_14,Linear,1.35175879396985,-0.146846295533222,0
L_HEAD_DGCA23_HEAD_SUB_14,Linear,1.36180904522613,-0.146344177945282,0
L_HEAD_DGCA23_HEAD_SUB_14,Linear,1.37185929648241,-0.145842060357342,0
L_HEAD_DGCA23_HEAD_SUB_14,Linear,1.38190954773869,-0.145339942769403,0
L_HEAD_DGCA23_HEAD_SUB_14,Linear,1.39195979899497,-0.144837825181463,0
L_HEAD_DGCA23_HEAD_SUB_14,Linear,1.40201005025126,-0.144335707593523,0
L_HEAD_DGCA23_HEAD_SUB_14,Linear,1.41206030150754,-0.143833590005583,0
L_HEAD_DGCA23_HEAD_SUB_14,Linear,1.42211055276382,-0.143331472417644,0
L_HEAD_DGCA23_HEAD_SUB_14,Linear,1.4321608040201,-0.142829354829704,0
L_HEAD_DGCA23_HEAD_SUB_14,Linear,1.44221105527638,-0.142327237241764,0
L_HEAD_DGCA23_HEAD_SUB_14,Linear,1.45226130653266,-0.141825119653825,0
L_HEAD_DGCA23_HEAD_SUB_14,Linear,1.46231155778894,-0.141323002065885,0
L_HEAD_DGCA23_HEAD_SUB_14,Linear,1.47236180904523,-0.140820884477945,0
L_HEAD_DGCA23_HEAD_SUB_14,Linear,1.48241206030151,-0.140318766890006,0
L_HEAD_DGCA23_HEAD_SUB_14,Linear,1.49246231155779,-0.139816649302066,0
L_HEAD_DGCA23_HEAD_SUB_14,Linear,1.50251256281407,-0.139314531714126,0
L_HEAD_DGCA23_HEAD_SUB_14,Linear,1.51256281407035,-0.138812414126186,0
L_HEAD_DGCA23_HEAD_SUB_14,Linear,1.52261306532663,-0.138310296538247,0
L_HEAD_DGCA23_HEAD_SUB_14,Linear,1.53266331658291,-0.137808178950307,0
L_HEAD_DGCA23_HEAD_SUB_14,Linear,1.5427135678392,-0.137306061362367,0
L_HEAD_DGCA23_HEAD_SUB_14,Linear,1.55276381909548,-0.136803943774428,0
L_HEAD_DGCA23_HEAD_SUB_14,Linear,1.56281407035176,-0.136301826186488,0
L_HEAD_DGCA23_HEAD_SUB_14,Linear,1.57286432160804,-0.135799708598548,0
L_HEAD_DGCA23_HEAD_SUB_14,Linear,1.58291457286432,-0.135297591010609,0
L_HEAD_DGCA23_HEAD_SUB_14,Linear,1.5929648241206,-0.134795473422669,0
L_HEAD_DGCA23_HEAD_SUB_14,Linear,1.60301507537688,-0.134293355834729,0
L_HEAD_DGCA23_HEAD_SUB_14,Linear,1.61306532663317,-0.133791238246789,0
L_HEAD_DGCA23_HEAD_SUB_14,Linear,1.62311557788945,-0.13328912065885,0
L_HEAD_DGCA23_HEAD_SUB_14,Linear,1.63316582914573,-0.13278700307091,0
L_HEAD_DGCA23_HEAD_SUB_14,Linear,1.64321608040201,-0.13228488548297,0
L_HEAD_DGCA23_HEAD_SUB_14,Linear,1.65326633165829,-0.131782767895031,0
L_HEAD_DGCA23_HEAD_SUB_14,Linear,1.66331658291457,-0.131280650307091,0
L_HEAD_DGCA23_HEAD_SUB_14,Linear,1.67336683417085,-0.130778532719151,0
L_HEAD_DGCA23_HEAD_SUB_14,Linear,1.68341708542714,-0.130276415131212,0
L_HEAD_DGCA23_HEAD_SUB_14,Linear,1.69346733668342,-0.129774297543272,0
L_HEAD_DGCA23_HEAD_SUB_14,Linear,1.7035175879397,-0.129272179955332,0
L_HEAD_DGCA23_HEAD_SUB_14,Linear,1.71356783919598,-0.128770062367392,0
L_HEAD_DGCA23_HEAD_SUB_14,Linear,1.72361809045226,-0.128267944779453,0
L_HEAD_DGCA23_HEAD_SUB_14,Linear,1.73366834170854,-0.127765827191513,0
L_HEAD_DGCA23_HEAD_SUB_14,Linear,1.74371859296482,-0.127263709603573,0
L_HEAD_DGCA23_HEAD_SUB_14,Linear,1.75376884422111,-0.126761592015634,0
L_HEAD_DGCA23_HEAD_SUB_14,Linear,1.76381909547739,-0.126259474427694,0
L_HEAD_DGCA23_HEAD_SUB_14,Linear,1.77386934673367,-0.125757356839754,0
L_HEAD_DGCA23_HEAD_SUB_14,Linear,1.78391959798995,-0.125255239251815,0
L_HEAD_DGCA23_HEAD_SUB_14,Linear,1.79396984924623,-0.124753121663875,0
L_HEAD_DGCA23_HEAD_SUB_14,Linear,1.80402010050251,-0.124251004075935,0
L_HEAD_DGCA23_HEAD_SUB_14,Linear,1.81407035175879,-0.123748886487995,0
L_HEAD_DGCA23_HEAD_SUB_14,Linear,1.82412060301508,-0.123246768900056,0
L_HEAD_DGCA23_HEAD_SUB_14,Linear,1.83417085427136,-0.122744651312116,0
L_HEAD_DGCA23_HEAD_SUB_14,Linear,1.84422110552764,-0.122242533724176,0
L_HEAD_DGCA23_HEAD_SUB_14,Linear,1.85427135678392,-0.121740416136237,0
L_HEAD_DGCA23_HEAD_SUB_14,Linear,1.8643216080402,-0.121238298548297,0
L_HEAD_DGCA23_HEAD_SUB_14,Linear,1.87437185929648,-0.120736180960357,0
L_HEAD_DGCA23_HEAD_SUB_14,Linear,1.88442211055276,-0.120234063372418,0
L_HEAD_DGCA23_HEAD_SUB_14,Linear,1.89447236180905,-0.119731945784478,0
L_HEAD_DGCA23_HEAD_SUB_14,Linear,1.90452261306533,-0.119229828196538,0
L_HEAD_DGCA23_HEAD_SUB_14,Linear,1.91457286432161,-0.118727710608598,0
L_HEAD_DGCA23_HEAD_SUB_14,Linear,1.92462311557789,-0.118225593020659,0
L_HEAD_DGCA23_HEAD_SUB_14,Linear,1.93467336683417,-0.117723475432719,0
L_HEAD_DGCA23_HEAD_SUB_14,Linear,1.94472361809045,-0.117221357844779,0
L_HEAD_DGCA23_HEAD_SUB_14,Linear,1.95477386934673,-0.11671924025684,0
L_HEAD_DGCA23_HEAD_SUB_14,Linear,1.96482412060302,-0.1162171226689,0
L_HEAD_DGCA23_HEAD_SUB_14,Linear,1.9748743718593,-0.11571500508096,0
L_HEAD_DGCA23_HEAD_SUB_14,Linear,1.98492462311558,-0.115212887493021,0
L_HEAD_DGCA23_HEAD_SUB_14,Linear,1.99497487437186,-0.114710769905081,0
L_HEAD_DGCA23_HEAD_SUB_14,Linear,2.00502512562814,-0.114208652317141,0
L_HEAD_DGCA23_HEAD_SUB_14,Linear,2.01507537688442,-0.113706534729202,0
L_HEAD_DGCA23_HEAD_SUB_14,Linear,2.0251256281407,-0.113204417141262,0
L_HEAD_DGCA23_HEAD_SUB_14,Linear,2.03517587939699,-0.112702299553322,0
L_HEAD_DGCA23_HEAD_SUB_14,Linear,2.04522613065327,-0.112200181965382,0
L_HEAD_DGCA23_HEAD_SUB_14,Linear,2.05527638190955,-0.111698064377443,0
L_HEAD_DGCA23_HEAD_SUB_14,Linear,2.06532663316583,-0.111195946789503,0
L_HEAD_DGCA23_HEAD_SUB_14,Linear,2.07537688442211,-0.110693829201563,0
L_HEAD_DGCA23_HEAD_SUB_14,Linear,2.08542713567839,-0.110191711613624,0
L_HEAD_DGCA23_HEAD_SUB_14,Linear,2.09547738693467,-0.109689594025684,0
L_HEAD_DGCA23_HEAD_SUB_14,Linear,2.10552763819095,-0.109187476437744,0
L_HEAD_DGCA23_HEAD_SUB_14,Linear,2.11557788944724,-0.108685358849805,0
L_HEAD_DGCA23_HEAD_SUB_14,Linear,2.12562814070352,-0.108183241261865,0
L_HEAD_DGCA23_HEAD_SUB_14,Linear,2.1356783919598,-0.107681123673925,0
L_HEAD_DGCA23_HEAD_SUB_14,Linear,2.14572864321608,-0.107179006085985,0
L_HEAD_DGCA23_HEAD_SUB_14,Linear,2.15577889447236,-0.106676888498046,0
L_HEAD_DGCA23_HEAD_SUB_14,Linear,2.16582914572864,-0.106174770910106,0
L_HEAD_DGCA23_HEAD_SUB_14,Linear,2.17587939698492,-0.105672653322166,0
L_HEAD_DGCA23_HEAD_SUB_14,Linear,2.18592964824121,-0.105170535734227,0
L_HEAD_DGCA23_HEAD_SUB_14,Linear,2.19597989949749,-0.104668418146287,0
L_HEAD_DGCA23_HEAD_SUB_14,Linear,2.20603015075377,-0.104166300558347,0
L_HEAD_DGCA23_HEAD_SUB_14,Linear,2.21608040201005,-0.103664182970408,0
L_HEAD_DGCA23_HEAD_SUB_14,Linear,2.22613065326633,-0.103162065382468,0
L_HEAD_DGCA23_HEAD_SUB_14,Linear,2.23618090452261,-0.102659947794528,0
L_HEAD_DGCA23_HEAD_SUB_14,Linear,2.24623115577889,-0.102157830206588,0
L_HEAD_DGCA23_HEAD_SUB_14,Linear,2.25628140703518,-0.101655712618649,0
L_HEAD_DGCA23_HEAD_SUB_14,Linear,2.26633165829146,-0.101153595030709,0
L_HEAD_DGCA23_HEAD_SUB_14,Linear,2.27638190954774,-0.100651477442769,0
L_HEAD_DGCA23_HEAD_SUB_14,Linear,2.28643216080402,-0.10014935985483,0
L_HEAD_DGCA23_HEAD_SUB_14,Linear,2.2964824120603,-0.09964724226689,0
L_HEAD_DGCA23_HEAD_SUB_14,Linear,2.30653266331658,-0.0991451246789503,0
L_HEAD_DGCA23_HEAD_SUB_14,Linear,2.31658291457286,-0.0986430070910106,0
L_HEAD_DGCA23_HEAD_SUB_14,Linear,2.32663316582915,-0.0981408895030709,0
L_HEAD_DGCA23_HEAD_SUB_14,Linear,2.33668341708543,-0.0976387719151312,0
L_HEAD_DGCA23_HEAD_SUB_14,Linear,2.34673366834171,-0.0971366543271915,0
L_HEAD_DGCA23_HEAD_SUB_14,Linear,2.35678391959799,-0.0966345367392518,0
L_HEAD_DGCA23_HEAD_SUB_14,Linear,2.36683417085427,-0.0961324191513121,0
L_HEAD_DGCA23_HEAD_SUB_14,Linear,2.37688442211055,-0.0956303015633724,0
L_HEAD_DGCA23_HEAD_SUB_14,Linear,2.38693467336683,-0.0951281839754327,0
L_HEAD_DGCA23_HEAD_SUB_14,Linear,2.39698492462312,-0.094626066387493,0
L_HEAD_DGCA23_HEAD_SUB_14,Linear,2.4070351758794,-0.0941239487995533,0
L_HEAD_DGCA23_HEAD_SUB_14,Linear,2.41708542713568,-0.0936218312116136,0
L_HEAD_DGCA23_HEAD_SUB_14,Linear,2.42713567839196,-0.0931197136236739,0
L_HEAD_DGCA23_HEAD_SUB_14,Linear,2.43718592964824,-0.0926175960357342,0
L_HEAD_DGCA23_HEAD_SUB_14,Linear,2.44723618090452,-0.0921154784477945,0
L_HEAD_DGCA23_HEAD_SUB_14,Linear,2.4572864321608,-0.0916133608598548,0
L_HEAD_DGCA23_HEAD_SUB_14,Linear,2.46733668341709,-0.0911112432719151,0
L_HEAD_DGCA23_HEAD_SUB_14,Linear,2.47738693467337,-0.0906091256839754,0
L_HEAD_DGCA23_HEAD_SUB_14,Linear,2.48743718592965,-0.0901070080960357,0
L_HEAD_DGCA23_HEAD_SUB_14,Linear,2.49748743718593,-0.089604890508096,0
L_HEAD_DGCA23_HEAD_SUB_14,Linear,2.50753768844221,-0.0891027729201563,0
L_HEAD_DGCA23_HEAD_SUB_14,Linear,2.51758793969849,-0.0886006553322166,0
L_HEAD_DGCA23_HEAD_SUB_14,Linear,2.52763819095477,-0.0880985377442769,0
L_HEAD_DGCA23_HEAD_SUB_14,Linear,2.53768844221106,-0.0875964201563372,0
L_HEAD_DGCA23_HEAD_SUB_14,Linear,2.54773869346734,-0.0870943025683975,0
L_HEAD_DGCA23_HEAD_SUB_14,Linear,2.55778894472362,-0.0865921849804578,0
L_HEAD_DGCA23_HEAD_SUB_14,Linear,2.5678391959799,-0.0860900673925181,0
L_HEAD_DGCA23_HEAD_SUB_14,Linear,2.57788944723618,-0.0855879498045784,0
L_HEAD_DGCA23_HEAD_SUB_14,Linear,2.58793969849246,-0.0850858322166387,0
L_HEAD_DGCA23_HEAD_SUB_14,Linear,2.59798994974874,-0.084583714628699,0
L_HEAD_DGCA23_HEAD_SUB_14,Linear,2.60804020100502,-0.0840815970407593,0
L_HEAD_DGCA23_HEAD_SUB_14,Linear,2.61809045226131,-0.0835794794528196,0
L_HEAD_DGCA23_HEAD_SUB_14,Linear,2.62814070351759,-0.0830773618648799,0
L_HEAD_DGCA23_HEAD_SUB_14,Linear,2.63819095477387,-0.0825752442769402,0
L_HEAD_DGCA23_HEAD_SUB_14,Linear,2.64824120603015,-0.0820731266890005,0
L_HEAD_DGCA23_HEAD_SUB_14,Linear,2.65829145728643,-0.0815710091010608,0
L_HEAD_DGCA23_HEAD_SUB_14,Linear,2.66834170854271,-0.0810688915131211,0
L_HEAD_DGCA23_HEAD_SUB_14,Linear,2.67839195979899,-0.0805667739251814,0
L_HEAD_DGCA23_HEAD_SUB_14,Linear,2.68844221105528,-0.0800646563372417,0
L_HEAD_DGCA23_HEAD_SUB_14,Linear,2.69849246231156,-0.079562538749302,0
L_HEAD_DGCA23_HEAD_SUB_14,Linear,2.70854271356784,-0.0790604211613623,0
L_HEAD_DGCA23_HEAD_SUB_14,Linear,2.71859296482412,-0.0785583035734226,0
L_HEAD_DGCA23_HEAD_SUB_14,Linear,2.7286432160804,-0.0780561859854829,0
L_HEAD_DGCA23_HEAD_SUB_14,Linear,2.73869346733668,-0.0775540683975432,0
L_HEAD_DGCA23_HEAD_SUB_14,Linear,2.74874371859296,-0.0770519508096035,0
L_HEAD_DGCA23_HEAD_SUB_14,Linear,2.75879396984925,-0.0765498332216638,0
L_HEAD_DGCA23_HEAD_SUB_14,Linear,2.76884422110553,-0.0760477156337241,0
L_HEAD_DGCA23_HEAD_SUB_14,Linear,2.77889447236181,-0.0755455980457844,0
L_HEAD_DGCA23_HEAD_SUB_14,Linear,2.78894472361809,-0.0750434804578447,0
L_HEAD_DGCA23_HEAD_SUB_14,Linear,2.79899497487437,-0.074541362869905,0
L_HEAD_DGCA23_HEAD_SUB_14,Linear,2.80904522613065,-0.0740392452819653,0
L_HEAD_DGCA23_HEAD_SUB_14,Linear,2.81909547738693,-0.0735371276940256,0
L_HEAD_DGCA23_HEAD_SUB_14,Linear,2.82914572864322,-0.0730350101060859,0
L_HEAD_DGCA23_HEAD_SUB_14,Linear,2.8391959798995,-0.0725328925181462,0
L_HEAD_DGCA23_HEAD_SUB_14,Linear,2.84924623115578,-0.0720307749302065,0
L_HEAD_DGCA23_HEAD_SUB_14,Linear,2.85929648241206,-0.0715286573422668,0
L_HEAD_DGCA23_HEAD_SUB_14,Linear,2.86934673366834,-0.0710265397543271,0
L_HEAD_DGCA23_HEAD_SUB_14,Linear,2.87939698492462,-0.0705244221663874,0
L_HEAD_DGCA23_HEAD_SUB_14,Linear,2.8894472361809,-0.0700223045784477,0
L_HEAD_DGCA23_HEAD_SUB_14,Linear,2.89949748743719,-0.069520186990508,0
L_HEAD_DGCA23_HEAD_SUB_14,Linear,2.90954773869347,-0.0690180694025684,0
L_HEAD_DGCA23_HEAD_SUB_14,Linear,2.91959798994975,-0.0685159518146286,0
L_HEAD_DGCA23_HEAD_SUB_14,Linear,2.92964824120603,-0.0680138342266889,0
L_HEAD_DGCA23_HEAD_SUB_14,Linear,2.93969849246231,-0.0675117166387492,0
L_HEAD_DGCA23_HEAD_SUB_14,Linear,2.94974874371859,-0.0670095990508096,0
L_HEAD_DGCA23_HEAD_SUB_14,Linear,2.95979899497487,-0.0665074814628699,0
L_HEAD_DGCA23_HEAD_SUB_14,Linear,2.96984924623116,-0.0660053638749301,0
L_HEAD_DGCA23_HEAD_SUB_14,Linear,2.97989949748744,-0.0655032462869905,0
L_HEAD_DGCA23_HEAD_SUB_14,Linear,2.98994974874372,-0.0650011286990508,0
L_HEAD_DGCA23_HEAD_SUB_14,Linear,3,-0.0644990111111111,0
L_HEAD_DGCA23_HEAD_SUB_14,Power2,1,-0.178760155500746,1
L_HEAD_DGCA23_HEAD_SUB_14,Power2,1.01005025125628,-0.177165188165048,1
L_HEAD_DGCA23_HEAD_SUB_14,Power2,1.02010050251256,-0.175600033518334,1
L_HEAD_DGCA23_HEAD_SUB_14,Power2,1.03015075376884,-0.174063848745211,1
L_HEAD_DGCA23_HEAD_SUB_14,Power2,1.04020100502513,-0.172555822773933,1
L_HEAD_DGCA23_HEAD_SUB_14,Power2,1.05025125628141,-0.171075174788341,1
L_HEAD_DGCA23_HEAD_SUB_14,Power2,1.06030150753769,-0.169621152823007,1
L_HEAD_DGCA23_HEAD_SUB_14,Power2,1.07035175879397,-0.1681930324362,1
L_HEAD_DGCA23_HEAD_SUB_14,Power2,1.08040201005025,-0.166790115455669,1
L_HEAD_DGCA23_HEAD_SUB_14,Power2,1.09045226130653,-0.165411728792617,1
L_HEAD_DGCA23_HEAD_SUB_14,Power2,1.10050251256281,-0.164057223319574,1
L_HEAD_DGCA23_HEAD_SUB_14,Power2,1.1105527638191,-0.162725972808167,1
L_HEAD_DGCA23_HEAD_SUB_14,Power2,1.12060301507538,-0.161417372923099,1
L_HEAD_DGCA23_HEAD_SUB_14,Power2,1.13065326633166,-0.160130840268865,1
L_HEAD_DGCA23_HEAD_SUB_14,Power2,1.14070351758794,-0.15886581148603,1
L_HEAD_DGCA23_HEAD_SUB_14,Power2,1.15075376884422,-0.15762174239405,1
L_HEAD_DGCA23_HEAD_SUB_14,Power2,1.1608040201005,-0.15639810717788,1
L_HEAD_DGCA23_HEAD_SUB_14,Power2,1.17085427135678,-0.155194397615771,1
L_HEAD_DGCA23_HEAD_SUB_14,Power2,1.18090452261307,-0.154010122345822,1
L_HEAD_DGCA23_HEAD_SUB_14,Power2,1.19095477386935,-0.152844806169055,1
L_HEAD_DGCA23_HEAD_SUB_14,Power2,1.20100502512563,-0.151697989386884,1
L_HEAD_DGCA23_HEAD_SUB_14,Power2,1.21105527638191,-0.150569227171021,1
L_HEAD_DGCA23_HEAD_SUB_14,Power2,1.22110552763819,-0.149458088963968,1
L_HEAD_DGCA23_HEAD_SUB_14,Power2,1.23115577889447,-0.148364157908384,1
L_HEAD_DGCA23_HEAD_SUB_14,Power2,1.24120603015075,-0.147287030303702,1
L_HEAD_DGCA23_HEAD_SUB_14,Power2,1.25125628140704,-0.146226315088492,1
L_HEAD_DGCA23_HEAD_SUB_14,Power2,1.26130653266332,-0.145181633347155,1
L_HEAD_DGCA23_HEAD_SUB_14,Power2,1.2713567839196,-0.144152617839618,1
L_HEAD_DGCA23_HEAD_SUB_14,Power2,1.28140703517588,-0.143138912552791,1
L_HEAD_DGCA23_HEAD_SUB_14,Power2,1.29145728643216,-0.142140172272607,1
L_HEAD_DGCA23_HEAD_SUB_14,Power2,1.30150753768844,-0.141156062175563,1
L_HEAD_DGCA23_HEAD_SUB_14,Power2,1.31155778894472,-0.140186257438718,1
L_HEAD_DGCA23_HEAD_SUB_14,Power2,1.32160804020101,-0.139230442867187,1
L_HEAD_DGCA23_HEAD_SUB_14,Power2,1.33165829145729,-0.138288312538218,1
L_HEAD_DGCA23_HEAD_SUB_14,Power2,1.34170854271357,-0.137359569460993,1
L_HEAD_DGCA23_HEAD_SUB_14,Power2,1.35175879396985,-0.136443925251354,1
L_HEAD_DGCA23_HEAD_SUB_14,Power2,1.36180904522613,-0.135541099820681,1
L_HEAD_DGCA23_HEAD_SUB_14,Power2,1.37185929648241,-0.13465082107822,1
L_HEAD_DGCA23_HEAD_SUB_14,Power2,1.38190954773869,-0.13377282464618,1
L_HEAD_DGCA23_HEAD_SUB_14,Power2,1.39195979899497,-0.132906853586961,1
L_HEAD_DGCA23_HEAD_SUB_14,Power2,1.40201005025126,-0.132052658141914,1
L_HEAD_DGCA23_HEAD_SUB_14,Power2,1.41206030150754,-0.131209995481079,1
L_HEAD_DGCA23_HEAD_SUB_14,Power2,1.42211055276382,-0.130378629463339,1
L_HEAD_DGCA23_HEAD_SUB_14,Power2,1.4321608040201,-0.129558330406514,1
L_HEAD_DGCA23_HEAD_SUB_14,Power2,1.44221105527638,-0.128748874866902,1
L_HEAD_DGCA23_HEAD_SUB_14,Power2,1.45226130653266,-0.127950045427815,1
L_HEAD_DGCA23_HEAD_SUB_14,Power2,1.46231155778894,-0.127161630496695,1
L_HEAD_DGCA23_HEAD_SUB_14,Power2,1.47236180904523,-0.126383424110388,1
L_HEAD_DGCA23_HEAD_SUB_14,Power2,1.48241206030151,-0.125615225748217,1
L_HEAD_DGCA23_HEAD_SUB_14,Power2,1.49246231155779,-0.124856840152468,1
L_HEAD_DGCA23_HEAD_SUB_14,Power2,1.50251256281407,-0.124108077155967,1
L_HEAD_DGCA23_HEAD_SUB_14,Power2,1.51256281407035,-0.12336875151641,1
L_HEAD_DGCA23_HEAD_SUB_14,Power2,1.52261306532663,-0.122638682757148,1
L_HEAD_DGCA23_HEAD_SUB_14,Power2,1.53266331658291,-0.121917695014119,1
L_HEAD_DGCA23_HEAD_SUB_14,Power2,1.5427135678392,-0.121205616888674,1
L_HEAD_DGCA23_HEAD_SUB_14,Power2,1.55276381909548,-0.120502281306018,1
L_HEAD_DGCA23_HEAD_SUB_14,Power2,1.56281407035176,-0.119807525379013,1
L_HEAD_DGCA23_HEAD_SUB_14,Power2,1.57286432160804,-0.119121190277124,1
L_HEAD_DGCA23_HEAD_SUB_14,Power2,1.58291457286432,-0.118443121100269,1
L_HEAD_DGCA23_HEAD_SUB_14,Power2,1.5929648241206,-0.117773166757361,1
L_HEAD_DGCA23_HEAD_SUB_14,Power2,1.60301507537688,-0.117111179849345,1
L_HEAD_DGCA23_HEAD_SUB_14,Power2,1.61306532663317,-0.116457016556531,1
L_HEAD_DGCA23_HEAD_SUB_14,Power2,1.62311557788945,-0.115810536530041,1
L_HEAD_DGCA23_HEAD_SUB_14,Power2,1.63316582914573,-0.115171602787201,1
L_HEAD_DGCA23_HEAD_SUB_14,Power2,1.64321608040201,-0.1145400816107,1
L_HEAD_DGCA23_HEAD_SUB_14,Power2,1.65326633165829,-0.113915842451369,1
L_HEAD_DGCA23_HEAD_SUB_14,Power2,1.66331658291457,-0.113298757834425,1
L_HEAD_DGCA23_HEAD_SUB_14,Power2,1.67336683417085,-0.11268870326903,1
L_HEAD_DGCA23_HEAD_SUB_14,Power2,1.68341708542714,-0.112085557161044,1
L_HEAD_DGCA23_HEAD_SUB_14,Power2,1.69346733668342,-0.111489200728828,1
L_HEAD_DGCA23_HEAD_SUB_14,Power2,1.7035175879397,-0.110899517921969,1
L_HEAD_DGCA23_HEAD_SUB_14,Power2,1.71356783919598,-0.110316395342834,1
L_HEAD_DGCA23_HEAD_SUB_14,Power2,1.72361809045226,-0.109739722170801,1
L_HEAD_DGCA23_HEAD_SUB_14,Power2,1.73366834170854,-0.109169390089099,1
L_HEAD_DGCA23_HEAD_SUB_14,Power2,1.74371859296482,-0.108605293214124,1
L_HEAD_DGCA23_HEAD_SUB_14,Power2,1.75376884422111,-0.108047328027145,1
L_HEAD_DGCA23_HEAD_SUB_14,Power2,1.76381909547739,-0.107495393308312,1
L_HEAD_DGCA23_HEAD_SUB_14,Power2,1.77386934673367,-0.106949390072862,1
L_HEAD_DGCA23_HEAD_SUB_14,Power2,1.78391959798995,-0.106409221509445,1
L_HEAD_DGCA23_HEAD_SUB_14,Power2,1.79396984924623,-0.105874792920496,1
L_HEAD_DGCA23_HEAD_SUB_14,Power2,1.80402010050251,-0.105346011664553,1
L_HEAD_DGCA23_HEAD_SUB_14,Power2,1.81407035175879,-0.104822787100475,1
L_HEAD_DGCA23_HEAD_SUB_14,Power2,1.82412060301508,-0.104305030533457,1
L_HEAD_DGCA23_HEAD_SUB_14,Power2,1.83417085427136,-0.103792655162805,1
L_HEAD_DGCA23_HEAD_SUB_14,Power2,1.84422110552764,-0.103285576031375,1
L_HEAD_DGCA23_HEAD_SUB_14,Power2,1.85427135678392,-0.102783709976641,1
L_HEAD_DGCA23_HEAD_SUB_14,Power2,1.8643216080402,-0.102286975583308,1
L_HEAD_DGCA23_HEAD_SUB_14,Power2,1.87437185929648,-0.101795293137433,1
L_HEAD_DGCA23_HEAD_SUB_14,Power2,1.88442211055276,-0.101308584581985,1
L_HEAD_DGCA23_HEAD_SUB_14,Power2,1.89447236180905,-0.100826773473789,1
L_HEAD_DGCA23_HEAD_SUB_14,Power2,1.90452261306533,-0.100349784941823,1
L_HEAD_DGCA23_HEAD_SUB_14,Power2,1.91457286432161,-0.0998775456467983,1
L_HEAD_DGCA23_HEAD_SUB_14,Power2,1.92462311557789,-0.099409983741982,1
L_HEAD_DGCA23_HEAD_SUB_14,Power2,1.93467336683417,-0.0989470288352273,1
L_HEAD_DGCA23_HEAD_SUB_14,Power2,1.94472361809045,-0.098488611952156,1
L_HEAD_DGCA23_HEAD_SUB_14,Power2,1.95477386934673,-0.0980346655004589,1
L_HEAD_DGCA23_HEAD_SUB_14,Power2,1.96482412060302,-0.0975851232352733,1
L_HEAD_DGCA23_HEAD_SUB_14,Power2,1.9748743718593,-0.0971399202255992,1
L_HEAD_DGCA23_HEAD_SUB_14,Power2,1.98492462311558,-0.0966989928217185,1
L_HEAD_DGCA23_HEAD_SUB_14,Power2,1.99497487437186,-0.0962622786235832,1
L_HEAD_DGCA23_HEAD_SUB_14,Power2,2.00502512562814,-0.0958297164501361,1
L_HEAD_DGCA23_HEAD_SUB_14,Power2,2.01507537688442,-0.0954012463095362,1
L_HEAD_DGCA23_HEAD_SUB_14,Power2,2.0251256281407,-0.0949768093702538,1
L_HEAD_DGCA23_HEAD_SUB_14,Power2,2.03517587939699,-0.0945563479330089,1
L_HEAD_DGCA23_HEAD_SUB_14,Power2,2.04522613065327,-0.0941398054035213,1
L_HEAD_DGCA23_HEAD_SUB_14,Power2,2.05527638190955,-0.0937271262660481,1
L_HEAD_DGCA23_HEAD_SUB_14,Power2,2.06532663316583,-0.0933182560576797,1
L_HEAD_DGCA23_HEAD_SUB_14,Power2,2.07537688442211,-0.0929131413433701,1
L_HEAD_DGCA23_HEAD_SUB_14,Power2,2.08542713567839,-0.0925117296916775,1
L_HEAD_DGCA23_HEAD_SUB_14,Power2,2.09547738693467,-0.09211396965119,1
L_HEAD_DGCA23_HEAD_SUB_14,Power2,2.10552763819095,-0.0917198107276159,1
L_HEAD_DGCA23_HEAD_SUB_14,Power2,2.11557788944724,-0.0913292033615156,1
L_HEAD_DGCA23_HEAD_SUB_14,Power2,2.12562814070352,-0.0909420989066543,1
L_HEAD_DGCA23_HEAD_SUB_14,Power2,2.1356783919598,-0.0905584496089554,1
L_HEAD_DGCA23_HEAD_SUB_14,Power2,2.14572864321608,-0.0901782085860359,1
L_HEAD_DGCA23_HEAD_SUB_14,Power2,2.15577889447236,-0.0898013298073036,1
L_HEAD_DGCA23_HEAD_SUB_14,Power2,2.16582914572864,-0.0894277680745997,1
L_HEAD_DGCA23_HEAD_SUB_14,Power2,2.17587939698492,-0.0890574790033684,1
L_HEAD_DGCA23_HEAD_SUB_14,Power2,2.18592964824121,-0.0886904190043371,1
L_HEAD_DGCA23_HEAD_SUB_14,Power2,2.19597989949749,-0.0883265452656912,1
L_HEAD_DGCA23_HEAD_SUB_14,Power2,2.20603015075377,-0.0879658157357276,1
L_HEAD_DGCA23_HEAD_SUB_14,Power2,2.21608040201005,-0.0876081891059724,1
L_HEAD_DGCA23_HEAD_SUB_14,Power2,2.22613065326633,-0.0872536247947484,1
L_HEAD_DGCA23_HEAD_SUB_14,Power2,2.23618090452261,-0.086902082931177,1
L_HEAD_DGCA23_HEAD_SUB_14,Power2,2.24623115577889,-0.0865535243396037,1
L_HEAD_DGCA23_HEAD_SUB_14,Power2,2.25628140703518,-0.0862079105244319,1
L_HEAD_DGCA23_HEAD_SUB_14,Power2,2.26633165829146,-0.0858652036553533,1
L_HEAD_DGCA23_HEAD_SUB_14,Power2,2.27638190954774,-0.0855253665529635,1
L_HEAD_DGCA23_HEAD_SUB_14,Power2,2.28643216080402,-0.0851883626747498,1
L_HEAD_DGCA23_HEAD_SUB_14,Power2,2.2964824120603,-0.084854156101441,1
L_HEAD_DGCA23_HEAD_SUB_14,Power2,2.30653266331658,-0.0845227115237078,1
L_HEAD_DGCA23_HEAD_SUB_14,Power2,2.31658291457286,-0.0841939942292041,1
L_HEAD_DGCA23_HEAD_SUB_14,Power2,2.32663316582915,-0.0838679700899374,1
L_HEAD_DGCA23_HEAD_SUB_14,Power2,2.33668341708543,-0.0835446055499602,1
L_HEAD_DGCA23_HEAD_SUB_14,Power2,2.34673366834171,-0.0832238676133723,1
L_HEAD_DGCA23_HEAD_SUB_14,Power2,2.35678391959799,-0.0829057238326248,1
L_HEAD_DGCA23_HEAD_SUB_14,Power2,2.36683417085427,-0.0825901422971167,1
L_HEAD_DGCA23_HEAD_SUB_14,Power2,2.37688442211055,-0.082277091622076,1
L_HEAD_DGCA23_HEAD_SUB_14,Power2,2.38693467336683,-0.0819665409377173,1
L_HEAD_DGCA23_HEAD_SUB_14,Power2,2.39698492462312,-0.081658459878667,1
L_HEAD_DGCA23_HEAD_SUB_14,Power2,2.4070351758794,-0.0813528185736491,1
L_HEAD_DGCA23_HEAD_SUB_14,Power2,2.41708542713568,-0.0810495876354237,1
L_HEAD_DGCA23_HEAD_SUB_14,Power2,2.42713567839196,-0.0807487381509717,1
L_HEAD_DGCA23_HEAD_SUB_14,Power2,2.43718592964824,-0.080450241671918,1
L_HEAD_DGCA23_HEAD_SUB_14,Power2,2.44723618090452,-0.080154070205186,1
L_HEAD_DGCA23_HEAD_SUB_14,Power2,2.4572864321608,-0.0798601962038786,1
L_HEAD_DGCA23_HEAD_SUB_14,Power2,2.46733668341709,-0.0795685925583776,1
L_HEAD_DGCA23_HEAD_SUB_14,Power2,2.47738693467337,-0.0792792325876562,1
L_HEAD_DGCA23_HEAD_SUB_14,Power2,2.48743718592965,-0.0789920900307983,1
L_HEAD_DGCA23_HEAD_SUB_14,Power2,2.49748743718593,-0.0787071390387195,1
L_HEAD_DGCA23_HEAD_SUB_14,Power2,2.50753768844221,-0.0784243541660834,1
L_HEAD_DGCA23_HEAD_SUB_14,Power2,2.51758793969849,-0.0781437103634084,1
L_HEAD_DGCA23_HEAD_SUB_14,Power2,2.52763819095477,-0.0778651829693596,1
L_HEAD_DGCA23_HEAD_SUB_14,Power2,2.53768844221106,-0.0775887477032206,1
L_HEAD_DGCA23_HEAD_SUB_14,Power2,2.54773869346734,-0.0773143806575406,1
L_HEAD_DGCA23_HEAD_SUB_14,Power2,2.55778894472362,-0.0770420582909517,1
L_HEAD_DGCA23_HEAD_SUB_14,Power2,2.5678391959799,-0.0767717574211522,1
L_HEAD_DGCA23_HEAD_SUB_14,Power2,2.57788944723618,-0.0765034552180512,1
L_HEAD_DGCA23_HEAD_SUB_14,Power2,2.58793969849246,-0.0762371291970697,1
L_HEAD_DGCA23_HEAD_SUB_14,Power2,2.59798994974874,-0.0759727572125956,1
L_HEAD_DGCA23_HEAD_SUB_14,Power2,2.60804020100502,-0.0757103174515864,1
L_HEAD_DGCA23_HEAD_SUB_14,Power2,2.61809045226131,-0.0754497884273169,1
L_HEAD_DGCA23_HEAD_SUB_14,Power2,2.62814070351759,-0.0751911489732689,1
L_HEAD_DGCA23_HEAD_SUB_14,Power2,2.63819095477387,-0.0749343782371566,1
L_HEAD_DGCA23_HEAD_SUB_14,Power2,2.64824120603015,-0.074679455675087,1
L_HEAD_DGCA23_HEAD_SUB_14,Power2,2.65829145728643,-0.0744263610458499,1
L_HEAD_DGCA23_HEAD_SUB_14,Power2,2.66834170854271,-0.0741750744053347,1
L_HEAD_DGCA23_HEAD_SUB_14,Power2,2.67839195979899,-0.0739255761010713,1
L_HEAD_DGCA23_HEAD_SUB_14,Power2,2.68844221105528,-0.0736778467668906,1
L_HEAD_DGCA23_HEAD_SUB_14,Power2,2.69849246231156,-0.0734318673177028,1
L_HEAD_DGCA23_HEAD_SUB_14,Power2,2.70854271356784,-0.0731876189443897,1
L_HEAD_DGCA23_HEAD_SUB_14,Power2,2.71859296482412,-0.0729450831088086,1
L_HEAD_DGCA23_HEAD_SUB_14,Power2,2.7286432160804,-0.0727042415389045,1
L_HEAD_DGCA23_HEAD_SUB_14,Power2,2.73869346733668,-0.0724650762239284,1
L_HEAD_DGCA23_HEAD_SUB_14,Power2,2.74874371859296,-0.0722275694097579,1
L_HEAD_DGCA23_HEAD_SUB_14,Power2,2.75879396984925,-0.0719917035943195,1
L_HEAD_DGCA23_HEAD_SUB_14,Power2,2.76884422110553,-0.071757461523108,1
L_HEAD_DGCA23_HEAD_SUB_14,Power2,2.77889447236181,-0.0715248261848019,1
L_HEAD_DGCA23_HEAD_SUB_14,Power2,2.78894472361809,-0.0712937808069715,1
L_HEAD_DGCA23_HEAD_SUB_14,Power2,2.79899497487437,-0.071064308851879,1
L_HEAD_DGCA23_HEAD_SUB_14,Power2,2.80904522613065,-0.0708363940123653,1
L_HEAD_DGCA23_HEAD_SUB_14,Power2,2.81909547738693,-0.0706100202078254,1
L_HEAD_DGCA23_HEAD_SUB_14,Power2,2.82914572864322,-0.0703851715802667,1
L_HEAD_DGCA23_HEAD_SUB_14,Power2,2.8391959798995,-0.07016183249045,1
L_HEAD_DGCA23_HEAD_SUB_14,Power2,2.84924623115578,-0.0699399875141111,1
L_HEAD_DGCA23_HEAD_SUB_14,Power2,2.85929648241206,-0.0697196214382597,1
L_HEAD_DGCA23_HEAD_SUB_14,Power2,2.86934673366834,-0.0695007192575565,1
L_HEAD_DGCA23_HEAD_SUB_14,Power2,2.87939698492462,-0.0692832661707629,1
L_HEAD_DGCA23_HEAD_SUB_14,Power2,2.8894472361809,-0.0690672475772648,1
L_HEAD_DGCA23_HEAD_SUB_14,Power2,2.89949748743719,-0.0688526490736675,1
L_HEAD_DGCA23_HEAD_SUB_14,Power2,2.90954773869347,-0.0686394564504587,1
L_HEAD_DGCA23_HEAD_SUB_14,Power2,2.91959798994975,-0.0684276556887411,1
L_HEAD_DGCA23_HEAD_SUB_14,Power2,2.92964824120603,-0.0682172329570295,1
L_HEAD_DGCA23_HEAD_SUB_14,Power2,2.93969849246231,-0.0680081746081131,1
L_HEAD_DGCA23_HEAD_SUB_14,Power2,2.94974874371859,-0.0678004671759813,1
L_HEAD_DGCA23_HEAD_SUB_14,Power2,2.95979899497487,-0.0675940973728102,1
L_HEAD_DGCA23_HEAD_SUB_14,Power2,2.96984924623116,-0.0673890520860098,1
L_HEAD_DGCA23_HEAD_SUB_14,Power2,2.97989949748744,-0.0671853183753296,1
L_HEAD_DGCA23_HEAD_SUB_14,Power2,2.98994974874372,-0.0669828834700221,1
L_HEAD_DGCA23_HEAD_SUB_14,Power2,3,-0.0667817347660617,1
R_HEAD_DGCA23_HEAD_SUB_15,Linear,1,-0.154643344444444,0
R_HEAD_DGCA23_HEAD_SUB_15,Linear,1.01005025125628,-0.154028677442769,0
R_HEAD_DGCA23_HEAD_SUB_15,Linear,1.02010050251256,-0.153414010441094,0
R_HEAD_DGCA23_HEAD_SUB_15,Linear,1.03015075376884,-0.152799343439419,0
R_HEAD_DGCA23_HEAD_SUB_15,Linear,1.04020100502513,-0.152184676437744,0
R_HEAD_DGCA23_HEAD_SUB_15,Linear,1.05025125628141,-0.151570009436069,0
R_HEAD_DGCA23_HEAD_SUB_15,Linear,1.06030150753769,-0.150955342434394,0
R_HEAD_DGCA23_HEAD_SUB_15,Linear,1.07035175879397,-0.150340675432719,0
R_HEAD_DGCA23_HEAD_SUB_15,Linear,1.08040201005025,-0.149726008431044,0
R_HEAD_DGCA23_HEAD_SUB_15,Linear,1.09045226130653,-0.149111341429369,0
R_HEAD_DGCA23_HEAD_SUB_15,Linear,1.10050251256281,-0.148496674427694,0
R_HEAD_DGCA23_HEAD_SUB_15,Linear,1.1105527638191,-0.147882007426019,0
R_HEAD_DGCA23_HEAD_SUB_15,Linear,1.12060301507538,-0.147267340424344,0
R_HEAD_DGCA23_HEAD_SUB_15,Linear,1.13065326633166,-0.146652673422669,0
R_HEAD_DGCA23_HEAD_SUB_15,Linear,1.14070351758794,-0.146038006420994,0
R_HEAD_DGCA23_HEAD_SUB_15,Linear,1.15075376884422,-0.145423339419319,0
R_HEAD_DGCA23_HEAD_SUB_15,Linear,1.1608040201005,-0.144808672417644,0
R_HEAD_DGCA23_HEAD_SUB_15,Linear,1.17085427135678,-0.144194005415969,0
R_HEAD_DGCA23_HEAD_SUB_15,Linear,1.18090452261307,-0.143579338414294,0
R_HEAD_DGCA23_HEAD_SUB_15,Linear,1.19095477386935,-0.142964671412619,0
R_HEAD_DGCA23_HEAD_SUB_15,Linear,1.20100502512563,-0.142350004410944,0
R_HEAD_DGCA23_HEAD_SUB_15,Linear,1.21105527638191,-0.141735337409268,0
R_HEAD_DGCA23_HEAD_SUB_15,Linear,1.22110552763819,-0.141120670407593,0
R_HEAD_DGCA23_HEAD_SUB_15,Linear,1.23115577889447,-0.140506003405918,0
R_HEAD_DGCA23_HEAD_SUB_15,Linear,1.24120603015075,-0.139891336404243,0
R_HEAD_DGCA23_HEAD_SUB_15,Linear,1.25125628140704,-0.139276669402568,0
R_HEAD_DGCA23_HEAD_SUB_15,Linear,1.26130653266332,-0.138662002400893,0
R_HEAD_DGCA23_HEAD_SUB_15,Linear,1.2713567839196,-0.138047335399218,0
R_HEAD_DGCA23_HEAD_SUB_15,Linear,1.28140703517588,-0.137432668397543,0
R_HEAD_DGCA23_HEAD_SUB_15,Linear,1.29145728643216,-0.136818001395868,0
R_HEAD_DGCA23_HEAD_SUB_15,Linear,1.30150753768844,-0.136203334394193,0
R_HEAD_DGCA23_HEAD_SUB_15,Linear,1.31155778894472,-0.135588667392518,0
R_HEAD_DGCA23_HEAD_SUB_15,Linear,1.32160804020101,-0.134974000390843,0
R_HEAD_DGCA23_HEAD_SUB_15,Linear,1.33165829145729,-0.134359333389168,0
R_HEAD_DGCA23_HEAD_SUB_15,Linear,1.34170854271357,-0.133744666387493,0
R_HEAD_DGCA23_HEAD_SUB_15,Linear,1.35175879396985,-0.133129999385818,0
R_HEAD_DGCA23_HEAD_SUB_15,Linear,1.36180904522613,-0.132515332384143,0
R_HEAD_DGCA23_HEAD_SUB_15,Linear,1.37185929648241,-0.131900665382468,0
R_HEAD_DGCA23_HEAD_SUB_15,Linear,1.38190954773869,-0.131285998380793,0
R_HEAD_DGCA23_HEAD_SUB_15,Linear,1.39195979899497,-0.130671331379118,0
R_HEAD_DGCA23_HEAD_SUB_15,Linear,1.40201005025126,-0.130056664377443,0
R_HEAD_DGCA23_HEAD_SUB_15,Linear,1.41206030150754,-0.129441997375768,0
R_HEAD_DGCA23_HEAD_SUB_15,Linear,1.42211055276382,-0.128827330374093,0
R_HEAD_DGCA23_HEAD_SUB_15,Linear,1.4321608040201,-0.128212663372418,0
R_HEAD_DGCA23_HEAD_SUB_15,Linear,1.44221105527638,-0.127597996370743,0
R_HEAD_DGCA23_HEAD_SUB_15,Linear,1.45226130653266,-0.126983329369067,0
R_HEAD_DGCA23_HEAD_SUB_15,Linear,1.46231155778894,-0.126368662367392,0
R_HEAD_DGCA23_HEAD_SUB_15,Linear,1.47236180904523,-0.125753995365717,0
R_HEAD_DGCA23_HEAD_SUB_15,Linear,1.48241206030151,-0.125139328364042,0
R_HEAD_DGCA23_HEAD_SUB_15,Linear,1.49246231155779,-0.124524661362367,0
R_HEAD_DGCA23_HEAD_SUB_15,Linear,1.50251256281407,-0.123909994360692,0
R_HEAD_DGCA23_HEAD_SUB_15,Linear,1.51256281407035,-0.123295327359017,0
R_HEAD_DGCA23_HEAD_SUB_15,Linear,1.52261306532663,-0.122680660357342,0
R_HEAD_DGCA23_HEAD_SUB_15,Linear,1.53266331658291,-0.122065993355667,0
R_HEAD_DGCA23_HEAD_SUB_15,Linear,1.5427135678392,-0.121451326353992,0
R_HEAD_DGCA23_HEAD_SUB_15,Linear,1.55276381909548,-0.120836659352317,0
R_HEAD_DGCA23_HEAD_SUB_15,Linear,1.56281407035176,-0.120221992350642,0
R_HEAD_DGCA23_HEAD_SUB_15,Linear,1.57286432160804,-0.119607325348967,0
R_HEAD_DGCA23_HEAD_SUB_15,Linear,1.58291457286432,-0.118992658347292,0
R_HEAD_DGCA23_HEAD_SUB_15,Linear,1.5929648241206,-0.118377991345617,0
R_HEAD_DGCA23_HEAD_SUB_15,Linear,1.60301507537688,-0.117763324343942,0
R_HEAD_DGCA23_HEAD_SUB_15,Linear,1.61306532663317,-0.117148657342267,0
R_HEAD_DGCA23_HEAD_SUB_15,Linear,1.62311557788945,-0.116533990340592,0
R_HEAD_DGCA23_HEAD_SUB_15,Linear,1.63316582914573,-0.115919323338917,0
R_HEAD_DGCA23_HEAD_SUB_15,Linear,1.64321608040201,-0.115304656337242,0
R_HEAD_DGCA23_HEAD_SUB_15,Linear,1.65326633165829,-0.114689989335567,0
R_HEAD_DGCA23_HEAD_SUB_15,Linear,1.66331658291457,-0.114075322333892,0
R_HEAD_DGCA23_HEAD_SUB_15,Linear,1.67336683417085,-0.113460655332217,0
R_HEAD_DGCA23_HEAD_SUB_15,Linear,1.68341708542714,-0.112845988330542,0
R_HEAD_DGCA23_HEAD_SUB_15,Linear,1.69346733668342,-0.112231321328866,0
R_HEAD_DGCA23_HEAD_SUB_15,Linear,1.7035175879397,-0.111616654327191,0
R_HEAD_DGCA23_HEAD_SUB_15,Linear,1.71356783919598,-0.111001987325516,0
R_HEAD_DGCA23_HEAD_SUB_15,Linear,1.72361809045226,-0.110387320323841,0
R_HEAD_DGCA23_HEAD_SUB_15,Linear,1.73366834170854,-0.109772653322166,0
R_HEAD_DGCA23_HEAD_SUB_15,Linear,1.74371859296482,-0.109157986320491,0
R_HEAD_DGCA23_HEAD_SUB_15,Linear,1.75376884422111,-0.108543319318816,0
R_HEAD_DGCA23_HEAD_SUB_15,Linear,1.76381909547739,-0.107928652317141,0
R_HEAD_DGCA23_HEAD_SUB_15,Linear,1.77386934673367,-0.107313985315466,0
R_HEAD_DGCA23_HEAD_SUB_15,Linear,1.78391959798995,-0.106699318313791,0
R_HEAD_DGCA23_HEAD_SUB_15,Linear,1.79396984924623,-0.106084651312116,0
R_HEAD_DGCA23_HEAD_SUB_15,Linear,1.80402010050251,-0.105469984310441,0
R_HEAD_DGCA23_HEAD_SUB_15,Linear,1.81407035175879,-0.104855317308766,0
R_HEAD_DGCA23_HEAD_SUB_15,Linear,1.82412060301508,-0.104240650307091,0
R_HEAD_DGCA23_HEAD_SUB_15,Linear,1.83417085427136,-0.103625983305416,0
R_HEAD_DGCA23_HEAD_SUB_15,Linear,1.84422110552764,-0.103011316303741,0
R_HEAD_DGCA23_HEAD_SUB_15,Linear,1.85427135678392,-0.102396649302066,0
R_HEAD_DGCA23_HEAD_SUB_15,Linear,1.8643216080402,-0.101781982300391,0
R_HEAD_DGCA23_HEAD_SUB_15,Linear,1.87437185929648,-0.101167315298716,0
R_HEAD_DGCA23_HEAD_SUB_15,Linear,1.88442211055276,-0.100552648297041,0
R_HEAD_DGCA23_HEAD_SUB_15,Linear,1.89447236180905,-0.0999379812953656,0
R_HEAD_DGCA23_HEAD_SUB_15,Linear,1.90452261306533,-0.0993233142936906,0
R_HEAD_DGCA23_HEAD_SUB_15,Linear,1.91457286432161,-0.0987086472920156,0
R_HEAD_DGCA23_HEAD_SUB_15,Linear,1.92462311557789,-0.0980939802903405,0
R_HEAD_DGCA23_HEAD_SUB_15,Linear,1.93467336683417,-0.0974793132886655,0
R_HEAD_DGCA23_HEAD_SUB_15,Linear,1.94472361809045,-0.0968646462869904,0
R_HEAD_DGCA23_HEAD_SUB_15,Linear,1.95477386934673,-0.0962499792853154,0
R_HEAD_DGCA23_HEAD_SUB_15,Linear,1.96482412060302,-0.0956353122836404,0
R_HEAD_DGCA23_HEAD_SUB_15,Linear,1.9748743718593,-0.0950206452819653,0
R_HEAD_DGCA23_HEAD_SUB_15,Linear,1.98492462311558,-0.0944059782802903,0
R_HEAD_DGCA23_HEAD_SUB_15,Linear,1.99497487437186,-0.0937913112786152,0
R_HEAD_DGCA23_HEAD_SUB_15,Linear,2.00502512562814,-0.0931766442769402,0
R_HEAD_DGCA23_HEAD_SUB_15,Linear,2.01507537688442,-0.0925619772752652,0
R_HEAD_DGCA23_HEAD_SUB_15,Linear,2.0251256281407,-0.0919473102735901,0
R_HEAD_DGCA23_HEAD_SUB_15,Linear,2.03517587939699,-0.0913326432719151,0
R_HEAD_DGCA23_HEAD_SUB_15,Linear,2.04522613065327,-0.09071797627024,0
R_HEAD_DGCA23_HEAD_SUB_15,Linear,2.05527638190955,-0.090103309268565,0
R_HEAD_DGCA23_HEAD_SUB_15,Linear,2.06532663316583,-0.08948864226689,0
R_HEAD_DGCA23_HEAD_SUB_15,Linear,2.07537688442211,-0.0888739752652149,0
R_HEAD_DGCA23_HEAD_SUB_15,Linear,2.08542713567839,-0.0882593082635398,0
R_HEAD_DGCA23_HEAD_SUB_15,Linear,2.09547738693467,-0.0876446412618648,0
R_HEAD_DGCA23_HEAD_SUB_15,Linear,2.10552763819095,-0.0870299742601898,0
R_HEAD_DGCA23_HEAD_SUB_15,Linear,2.11557788944724,-0.0864153072585148,0
R_HEAD_DGCA23_HEAD_SUB_15,Linear,2.12562814070352,-0.0858006402568397,0
R_HEAD_DGCA23_HEAD_SUB_15,Linear,2.1356783919598,-0.0851859732551646,0
R_HEAD_DGCA23_HEAD_SUB_15,Linear,2.14572864321608,-0.0845713062534896,0
R_HEAD_DGCA23_HEAD_SUB_15,Linear,2.15577889447236,-0.0839566392518146,0
R_HEAD_DGCA23_HEAD_SUB_15,Linear,2.16582914572864,-0.0833419722501395,0
R_HEAD_DGCA23_HEAD_SUB_15,Linear,2.17587939698492,-0.0827273052484645,0
R_HEAD_DGCA23_HEAD_SUB_15,Linear,2.18592964824121,-0.0821126382467894,0
R_HEAD_DGCA23_HEAD_SUB_15,Linear,2.19597989949749,-0.0814979712451144,0
R_HEAD_DGCA23_HEAD_SUB_15,Linear,2.20603015075377,-0.0808833042434394,0
R_HEAD_DGCA23_HEAD_SUB_15,Linear,2.21608040201005,-0.0802686372417643,0
R_HEAD_DGCA23_HEAD_SUB_15,Linear,2.22613065326633,-0.0796539702400893,0
R_HEAD_DGCA23_HEAD_SUB_15,Linear,2.23618090452261,-0.0790393032384142,0
R_HEAD_DGCA23_HEAD_SUB_15,Linear,2.24623115577889,-0.0784246362367392,0
R_HEAD_DGCA23_HEAD_SUB_15,Linear,2.25628140703518,-0.0778099692350641,0
R_HEAD_DGCA23_HEAD_SUB_15,Linear,2.26633165829146,-0.0771953022333891,0
R_HEAD_DGCA23_HEAD_SUB_15,Linear,2.27638190954774,-0.0765806352317141,0
R_HEAD_DGCA23_HEAD_SUB_15,Linear,2.28643216080402,-0.075965968230039,0
R_HEAD_DGCA23_HEAD_SUB_15,Linear,2.2964824120603,-0.075351301228364,0
R_HEAD_DGCA23_HEAD_SUB_15,Linear,2.30653266331658,-0.0747366342266889,0
R_HEAD_DGCA23_HEAD_SUB_15,Linear,2.31658291457286,-0.0741219672250139,0
R_HEAD_DGCA23_HEAD_SUB_15,Linear,2.32663316582915,-0.0735073002233388,0
R_HEAD_DGCA23_HEAD_SUB_15,Linear,2.33668341708543,-0.0728926332216638,0
R_HEAD_DGCA23_HEAD_SUB_15,Linear,2.34673366834171,-0.0722779662199888,0
R_HEAD_DGCA23_HEAD_SUB_15,Linear,2.35678391959799,-0.0716632992183137,0
R_HEAD_DGCA23_HEAD_SUB_15,Linear,2.36683417085427,-0.0710486322166387,0
R_HEAD_DGCA23_HEAD_SUB_15,Linear,2.37688442211055,-0.0704339652149636,0
R_HEAD_DGCA23_HEAD_SUB_15,Linear,2.38693467336683,-0.0698192982132886,0
R_HEAD_DGCA23_HEAD_SUB_15,Linear,2.39698492462312,-0.0692046312116135,0
R_HEAD_DGCA23_HEAD_SUB_15,Linear,2.4070351758794,-0.0685899642099385,0
R_HEAD_DGCA23_HEAD_SUB_15,Linear,2.41708542713568,-0.0679752972082635,0
R_HEAD_DGCA23_HEAD_SUB_15,Linear,2.42713567839196,-0.0673606302065884,0
R_HEAD_DGCA23_HEAD_SUB_15,Linear,2.43718592964824,-0.0667459632049134,0
R_HEAD_DGCA23_HEAD_SUB_15,Linear,2.44723618090452,-0.0661312962032383,0
R_HEAD_DGCA23_HEAD_SUB_15,Linear,2.4572864321608,-0.0655166292015633,0
R_HEAD_DGCA23_HEAD_SUB_15,Linear,2.46733668341709,-0.0649019621998883,0
R_HEAD_DGCA23_HEAD_SUB_15,Linear,2.47738693467337,-0.0642872951982132,0
R_HEAD_DGCA23_HEAD_SUB_15,Linear,2.48743718592965,-0.0636726281965382,0
R_HEAD_DGCA23_HEAD_SUB_15,Linear,2.49748743718593,-0.0630579611948631,0
R_HEAD_DGCA23_HEAD_SUB_15,Linear,2.50753768844221,-0.0624432941931881,0
R_HEAD_DGCA23_HEAD_SUB_15,Linear,2.51758793969849,-0.0618286271915131,0
R_HEAD_DGCA23_HEAD_SUB_15,Linear,2.52763819095477,-0.061213960189838,0
R_HEAD_DGCA23_HEAD_SUB_15,Linear,2.53768844221106,-0.060599293188163,0
R_HEAD_DGCA23_HEAD_SUB_15,Linear,2.54773869346734,-0.0599846261864879,0
R_HEAD_DGCA23_HEAD_SUB_15,Linear,2.55778894472362,-0.0593699591848129,0
R_HEAD_DGCA23_HEAD_SUB_15,Linear,2.5678391959799,-0.0587552921831379,0
R_HEAD_DGCA23_HEAD_SUB_15,Linear,2.57788944723618,-0.0581406251814628,0
R_HEAD_DGCA23_HEAD_SUB_15,Linear,2.58793969849246,-0.0575259581797878,0
R_HEAD_DGCA23_HEAD_SUB_15,Linear,2.59798994974874,-0.0569112911781127,0
R_HEAD_DGCA23_HEAD_SUB_15,Linear,2.60804020100502,-0.0562966241764377,0
R_HEAD_DGCA23_HEAD_SUB_15,Linear,2.61809045226131,-0.0556819571747627,0
R_HEAD_DGCA23_HEAD_SUB_15,Linear,2.62814070351759,-0.0550672901730876,0
R_HEAD_DGCA23_HEAD_SUB_15,Linear,2.63819095477387,-0.0544526231714125,0
R_HEAD_DGCA23_HEAD_SUB_15,Linear,2.64824120603015,-0.0538379561697375,0
R_HEAD_DGCA23_HEAD_SUB_15,Linear,2.65829145728643,-0.0532232891680625,0
R_HEAD_DGCA23_HEAD_SUB_15,Linear,2.66834170854271,-0.0526086221663875,0
R_HEAD_DGCA23_HEAD_SUB_15,Linear,2.67839195979899,-0.0519939551647124,0
R_HEAD_DGCA23_HEAD_SUB_15,Linear,2.68844221105528,-0.0513792881630373,0
R_HEAD_DGCA23_HEAD_SUB_15,Linear,2.69849246231156,-0.0507646211613623,0
R_HEAD_DGCA23_HEAD_SUB_15,Linear,2.70854271356784,-0.0501499541596873,0
R_HEAD_DGCA23_HEAD_SUB_15,Linear,2.71859296482412,-0.0495352871580123,0
R_HEAD_DGCA23_HEAD_SUB_15,Linear,2.7286432160804,-0.0489206201563372,0
R_HEAD_DGCA23_HEAD_SUB_15,Linear,2.73869346733668,-0.0483059531546621,0
R_HEAD_DGCA23_HEAD_SUB_15,Linear,2.74874371859296,-0.0476912861529871,0
R_HEAD_DGCA23_HEAD_SUB_15,Linear,2.75879396984925,-0.0470766191513121,0
R_HEAD_DGCA23_HEAD_SUB_15,Linear,2.76884422110553,-0.046461952149637,0
R_HEAD_DGCA23_HEAD_SUB_15,Linear,2.77889447236181,-0.045847285147962,0
R_HEAD_DGCA23_HEAD_SUB_15,Linear,2.78894472361809,-0.0452326181462869,0
R_HEAD_DGCA23_HEAD_SUB_15,Linear,2.79899497487437,-0.0446179511446119,0
R_HEAD_DGCA23_HEAD_SUB_15,Linear,2.80904522613065,-0.0440032841429369,0
R_HEAD_DGCA23_HEAD_SUB_15,Linear,2.81909547738693,-0.0433886171412618,0
R_HEAD_DGCA23_HEAD_SUB_15,Linear,2.82914572864322,-0.0427739501395868,0
R_HEAD_DGCA23_HEAD_SUB_15,Linear,2.8391959798995,-0.0421592831379117,0
R_HEAD_DGCA23_HEAD_SUB_15,Linear,2.84924623115578,-0.0415446161362367,0
R_HEAD_DGCA23_HEAD_SUB_15,Linear,2.85929648241206,-0.0409299491345616,0
R_HEAD_DGCA23_HEAD_SUB_15,Linear,2.86934673366834,-0.0403152821328866,0
R_HEAD_DGCA23_HEAD_SUB_15,Linear,2.87939698492462,-0.0397006151312116,0
R_HEAD_DGCA23_HEAD_SUB_15,Linear,2.8894472361809,-0.0390859481295365,0
R_HEAD_DGCA23_HEAD_SUB_15,Linear,2.89949748743719,-0.0384712811278615,0
R_HEAD_DGCA23_HEAD_SUB_15,Linear,2.90954773869347,-0.0378566141261864,0
R_HEAD_DGCA23_HEAD_SUB_15,Linear,2.91959798994975,-0.0372419471245114,0
R_HEAD_DGCA23_HEAD_SUB_15,Linear,2.92964824120603,-0.0366272801228363,0
R_HEAD_DGCA23_HEAD_SUB_15,Linear,2.93969849246231,-0.0360126131211613,0
R_HEAD_DGCA23_HEAD_SUB_15,Linear,2.94974874371859,-0.0353979461194863,0
R_HEAD_DGCA23_HEAD_SUB_15,Linear,2.95979899497487,-0.0347832791178112,0
R_HEAD_DGCA23_HEAD_SUB_15,Linear,2.96984924623116,-0.0341686121161362,0
R_HEAD_DGCA23_HEAD_SUB_15,Linear,2.97989949748744,-0.0335539451144611,0
R_HEAD_DGCA23_HEAD_SUB_15,Linear,2.98994974874372,-0.0329392781127861,0
R_HEAD_DGCA23_HEAD_SUB_15,Linear,3,-0.032324611111111,0
R_HEAD_DGCA23_HEAD_SUB_15,Power2,1,-0.169350554741315,1
R_HEAD_DGCA23_HEAD_SUB_15,Power2,1.01005025125628,-0.167167277615115,1
R_HEAD_DGCA23_HEAD_SUB_15,Power2,1.02010050251256,-0.165033348916564,1
R_HEAD_DGCA23_HEAD_SUB_15,Power2,1.03015075376884,-0.162947183350932,1
R_HEAD_DGCA23_HEAD_SUB_15,Power2,1.04020100502513,-0.160907261353552,1
R_HEAD_DGCA23_HEAD_SUB_15,Power2,1.05025125628141,-0.158912125762455,1
R_HEAD_DGCA23_HEAD_SUB_15,Power2,1.06030150753769,-0.156960378689341,1
R_HEAD_DGCA23_HEAD_SUB_15,Power2,1.07035175879397,-0.155050678575305,1
R_HEAD_DGCA23_HEAD_SUB_15,Power2,1.08040201005025,-0.153181737418819,1
R_HEAD_DGCA23_HEAD_SUB_15,Power2,1.09045226130653,-0.151352318164375,1
R_HEAD_DGCA23_HEAD_SUB_15,Power2,1.10050251256281,-0.149561232241107,1
R_HEAD_DGCA23_HEAD_SUB_15,Power2,1.1105527638191,-0.147807337241506,1
R_HEAD_DGCA23_HEAD_SUB_15,Power2,1.12060301507538,-0.146089534731058,1
R_HEAD_DGCA23_HEAD_SUB_15,Power2,1.13065326633166,-0.144406768180339,1
R_HEAD_DGCA23_HEAD_SUB_15,Power2,1.14070351758794,-0.142758021011691,1
R_HEAD_DGCA23_HEAD_SUB_15,Power2,1.15075376884422,-0.141142314753193,1
R_HEAD_DGCA23_HEAD_SUB_15,Power2,1.1608040201005,-0.139558707293154,1
R_HEAD_DGCA23_HEAD_SUB_15,Power2,1.17085427135678,-0.138006291228843,1
R_HEAD_DGCA23_HEAD_SUB_15,Power2,1.18090452261307,-0.136484192303605,1
R_HEAD_DGCA23_HEAD_SUB_15,Power2,1.19095477386935,-0.134991567926931,1
R_HEAD_DGCA23_HEAD_SUB_15,Power2,1.20100502512563,-0.133527605772422,1
R_HEAD_DGCA23_HEAD_SUB_15,Power2,1.21105527638191,-0.132091522448933,1
R_HEAD_DGCA23_HEAD_SUB_15,Power2,1.22110552763819,-0.130682562240512,1
R_HEAD_DGCA23_HEAD_SUB_15,Power2,1.23115577889447,-0.129299995911035,1
R_HEAD_DGCA23_HEAD_SUB_15,Power2,1.24120603015075,-0.127943119569722,1
R_HEAD_DGCA23_HEAD_SUB_15,Power2,1.25125628140704,-0.126611253593973,1
R_HEAD_DGCA23_HEAD_SUB_15,Power2,1.26130653266332,-0.125303741606187,1
R_HEAD_DGCA23_HEAD_SUB_15,Power2,1.2713567839196,-0.124019949501458,1
R_HEAD_DGCA23_HEAD_SUB_15,Power2,1.28140703517588,-0.122759264523243,1
R_HEAD_DGCA23_HEAD_SUB_15,Power2,1.29145728643216,-0.121521094384272,1
R_HEAD_DGCA23_HEAD_SUB_15,Power2,1.30150753768844,-0.120304866430165,1
R_HEAD_DGCA23_HEAD_SUB_15,Power2,1.31155778894472,-0.119110026843357,1
R_HEAD_DGCA23_HEAD_SUB_15,Power2,1.32160804020101,-0.117936039885107,1
R_HEAD_DGCA23_HEAD_SUB_15,Power2,1.33165829145729,-0.116782387173498,1
R_HEAD_DGCA23_HEAD_SUB_15,Power2,1.34170854271357,-0.115648566995446,1
R_HEAD_DGCA23_HEAD_SUB_15,Power2,1.35175879396985,-0.114534093650895,1
R_HEAD_DGCA23_HEAD_SUB_15,Power2,1.36180904522613,-0.11343849682746,1
R_HEAD_DGCA23_HEAD_SUB_15,Power2,1.37185929648241,-0.112361321003877,1
R_HEAD_DGCA23_HEAD_SUB_15,Power2,1.38190954773869,-0.111302124880762,1
R_HEAD_DGCA23_HEAD_SUB_15,Power2,1.39195979899497,-0.110260480837212,1
R_HEAD_DGCA23_HEAD_SUB_15,Power2,1.40201005025126,-0.109235974411918,1
R_HEAD_DGCA23_HEAD_SUB_15,Power2,1.41206030150754,-0.10822820380751,1
R_HEAD_DGCA23_HEAD_SUB_15,Power2,1.42211055276382,-0.107236779416933,1
R_HEAD_DGCA23_HEAD_SUB_15,Power2,1.4321608040201,-0.106261323370744,1
R_HEAD_DGCA23_HEAD_SUB_15,Power2,1.44221105527638,-0.105301469104239,1
R_HEAD_DGCA23_HEAD_SUB_15,Power2,1.45226130653266,-0.104356860943441,1
R_HEAD_DGCA23_HEAD_SUB_15,Power2,1.46231155778894,-0.103427153708979,1
R_HEAD_DGCA23_HEAD_SUB_15,Power2,1.47236180904523,-0.102512012336983,1
R_HEAD_DGCA23_HEAD_SUB_15,Power2,1.48241206030151,-0.101611111516145,1
R_HEAD_DGCA23_HEAD_SUB_15,Power2,1.49246231155779,-0.100724135340159,1
R_HEAD_DGCA23_HEAD_SUB_15,Power2,1.50251256281407,-0.0998507769747846,1
R_HEAD_DGCA23_HEAD_SUB_15,Power2,1.51256281407035,-0.0989907383388304,1
R_HEAD_DGCA23_HEAD_SUB_15,Power2,1.52261306532663,-0.0981437297983831,1
R_HEAD_DGCA23_HEAD_SUB_15,Power2,1.53266331658291,-0.0973094698736525,1
R_HEAD_DGCA23_HEAD_SUB_15,Power2,1.5427135678392,-0.096487684957832,1
R_HEAD_DGCA23_HEAD_SUB_15,Power2,1.55276381909548,-0.0956781090474065,1
R_HEAD_DGCA23_HEAD_SUB_15,Power2,1.56281407035176,-0.0948804834833727,1
R_HEAD_DGCA23_HEAD_SUB_15,Power2,1.57286432160804,-0.0940945567028634,1
R_HEAD_DGCA23_HEAD_SUB_15,Power2,1.58291457286432,-0.0933200840006917,1
R_HEAD_DGCA23_HEAD_SUB_15,Power2,1.5929648241206,-0.0925568273003627,1
R_HEAD_DGCA23_HEAD_SUB_15,Power2,1.60301507537688,-0.0918045549341166,1
R_HEAD_DGCA23_HEAD_SUB_15,Power2,1.61306532663317,-0.0910630414315945,1
R_HEAD_DGCA23_HEAD_SUB_15,Power2,1.62311557788945,-0.0903320673167379,1
R_HEAD_DGCA23_HEAD_SUB_15,Power2,1.63316582914573,-0.0896114189125514,1
R_HEAD_DGCA23_HEAD_SUB_15,Power2,1.64321608040201,-0.0889008881533785,1
R_HEAD_DGCA23_HEAD_SUB_15,Power2,1.65326633165829,-0.0882002724043583,1
R_HEAD_DGCA23_HEAD_SUB_15,Power2,1.66331658291457,-0.0875093742877448,1
R_HEAD_DGCA23_HEAD_SUB_15,Power2,1.67336683417085,-0.0868280015157904,1
R_HEAD_DGCA23_HEAD_SUB_15,Power2,1.68341708542714,-0.0861559667299067,1
R_HEAD_DGCA23_HEAD_SUB_15,Power2,1.69346733668342,-0.085493087345831,1
R_HEAD_DGCA23_HEAD_SUB_15,Power2,1.7035175879397,-0.0848391854045407,1
R_HEAD_DGCA23_HEAD_SUB_15,Power2,1.71356783919598,-0.0841940874286691,1
R_HEAD_DGCA23_HEAD_SUB_15,Power2,1.72361809045226,-0.0835576242841894,1
R_HEAD_DGCA23_HEAD_SUB_15,Power2,1.73366834170854,-0.0829296310471439,1
R_HEAD_DGCA23_HEAD_SUB_15,Power2,1.74371859296482,-0.0823099468752061,1
R_HEAD_DGCA23_HEAD_SUB_15,Power2,1.75376884422111,-0.0816984148838745,1
R_HEAD_DGCA23_HEAD_SUB_15,Power2,1.76381909547739,-0.0810948820271049,1
R_HEAD_DGCA23_HEAD_SUB_15,Power2,1.77386934673367,-0.0804991989821981,1
R_HEAD_DGCA23_HEAD_SUB_15,Power2,1.78391959798995,-0.0799112200387688,1
R_HEAD_DGCA23_HEAD_SUB_15,Power2,1.79396984924623,-0.0793308029916275,1
R_HEAD_DGCA23_HEAD_SUB_15,Power2,1.80402010050251,-0.0787578090374184,1
R_HEAD_DGCA23_HEAD_SUB_15,Power2,1.81407035175879,-0.0781921026748603,1
R_HEAD_DGCA23_HEAD_SUB_15,Power2,1.82412060301508,-0.0776335516084451,1
R_HEAD_DGCA23_HEAD_SUB_15,Power2,1.83417085427136,-0.0770820266554583,1
R_HEAD_DGCA23_HEAD_SUB_15,Power2,1.84422110552764,-0.0765374016561864,1
R_HEAD_DGCA23_HEAD_SUB_15,Power2,1.85427135678392,-0.0759995533871879,1
R_HEAD_DGCA23_HEAD_SUB_15,Power2,1.8643216080402,-0.0754683614775051,1
R_HEAD_DGCA23_HEAD_SUB_15,Power2,1.87437185929648,-0.0749437083277042,1
R_HEAD_DGCA23_HEAD_SUB_15,Power2,1.88442211055276,-0.0744254790316314,1
R_HEAD_DGCA23_HEAD_SUB_15,Power2,1.89447236180905,-0.0739135613007816,1
R_HEAD_DGCA23_HEAD_SUB_15,Power2,1.90452261306533,-0.073407845391178,1
R_HEAD_DGCA23_HEAD_SUB_15,Power2,1.91457286432161,-0.0729082240326678,1
R_HEAD_DGCA23_HEAD_SUB_15,Power2,1.92462311557789,-0.0724145923605404,1
R_HEAD_DGCA23_HEAD_SUB_15,Power2,1.93467336683417,-0.0719268478493816,1
R_HEAD_DGCA23_HEAD_SUB_15,Power2,1.94472361809045,-0.0714448902490783,1
R_HEAD_DGCA23_HEAD_SUB_15,Power2,1.95477386934673,-0.0709686215228943,1
R_HEAD_DGCA23_HEAD_SUB_15,Power2,1.96482412060302,-0.0704979457875387,1
R_HEAD_DGCA23_HEAD_SUB_15,Power2,1.9748743718593,-0.0700327692551542,1
R_HEAD_DGCA23_HEAD_SUB_15,Power2,1.98492462311558,-0.0695730001771531,1
R_HEAD_DGCA23_HEAD_SUB_15,Power2,1.99497487437186,-0.0691185487898345,1
R_HEAD_DGCA23_HEAD_SUB_15,Power2,2.00502512562814,-0.0686693272617161,1
R_HEAD_DGCA23_HEAD_SUB_15,Power2,2.01507537688442,-0.0682252496425202,1
R_HEAD_DGCA23_HEAD_SUB_15,Power2,2.0251256281407,-0.0677862318137514,1
R_HEAD_DGCA23_HEAD_SUB_15,Power2,2.03517587939699,-0.0673521914408115,1
R_HEAD_DGCA23_HEAD_SUB_15,Power2,2.04522613065327,-0.0669230479265946,1
R_HEAD_DGCA23_HEAD_SUB_15,Power2,2.05527638190955,-0.0664987223665098,1
R_HEAD_DGCA23_HEAD_SUB_15,Power2,2.06532663316583,-0.066079137504882,1
R_HEAD_DGCA23_HEAD_SUB_15,Power2,2.07537688442211,-0.0656642176926808,1
R_HEAD_DGCA23_HEAD_SUB_15,Power2,2.08542713567839,-0.0652538888465321,1
R_HEAD_DGCA23_HEAD_SUB_15,Power2,2.09547738693467,-0.0648480784089656,1
R_HEAD_DGCA23_HEAD_SUB_15,Power2,2.10552763819095,-0.0644467153098576,1
R_HEAD_DGCA23_HEAD_SUB_15,Power2,2.11557788944724,-0.0640497299290262,1
R_HEAD_DGCA23_HEAD_SUB_15,Power2,2.12562814070352,-0.0636570540599389,1
R_HEAD_DGCA23_HEAD_SUB_15,Power2,2.1356783919598,-0.0632686208744957,1
R_HEAD_DGCA23_HEAD_SUB_15,Power2,2.14572864321608,-0.06288436488885,1
R_HEAD_DGCA23_HEAD_SUB_15,Power2,2.15577889447236,-0.062504221930232,1
R_HEAD_DGCA23_HEAD_SUB_15,Power2,2.16582914572864,-0.0621281291047415,1
R_HEAD_DGCA23_HEAD_SUB_15,Power2,2.17587939698492,-0.0617560247660766,1
R_HEAD_DGCA23_HEAD_SUB_15,Power2,2.18592964824121,-0.0613878484851669,1
R_HEAD_DGCA23_HEAD_SUB_15,Power2,2.19597989949749,-0.061023541020682,1
R_HEAD_DGCA23_HEAD_SUB_15,Power2,2.20603015075377,-0.0606630442903849,1
R_HEAD_DGCA23_HEAD_SUB_15,Power2,2.21608040201005,-0.0603063013433037,1
R_HEAD_DGCA23_HEAD_SUB_15,Power2,2.22613065326633,-0.0599532563326933,1
R_HEAD_DGCA23_HEAD_SUB_15,Power2,2.23618090452261,-0.0596038544897621,1
R_HEAD_DGCA23_HEAD_SUB_15,Power2,2.24623115577889,-0.0592580420981387,1
R_HEAD_DGCA23_HEAD_SUB_15,Power2,2.25628140703518,-0.0589157664690543,1
R_HEAD_DGCA23_HEAD_SUB_15,Power2,2.26633165829146,-0.0585769759172173,1
R_HEAD_DGCA23_HEAD_SUB_15,Power2,2.27638190954774,-0.0582416197373591,1
R_HEAD_DGCA23_HEAD_SUB_15,Power2,2.28643216080402,-0.0579096481814278,1
R_HEAD_DGCA23_HEAD_SUB_15,Power2,2.2964824120603,-0.0575810124364107,1
R_HEAD_DGCA23_HEAD_SUB_15,Power2,2.30653266331658,-0.0572556646027643,1
R_HEAD_DGCA23_HEAD_SUB_15,Power2,2.31658291457286,-0.0569335576734345,1
R_HEAD_DGCA23_HEAD_SUB_15,Power2,2.32663316582915,-0.0566146455134454,1
R_HEAD_DGCA23_HEAD_SUB_15,Power2,2.33668341708543,-0.0562988828400421,1
R_HEAD_DGCA23_HEAD_SUB_15,Power2,2.34673366834171,-0.0559862252033679,1
R_HEAD_DGCA23_HEAD_SUB_15,Power2,2.35678391959799,-0.0556766289676603,1
R_HEAD_DGCA23_HEAD_SUB_15,Power2,2.36683417085427,-0.0553700512929498,1
R_HEAD_DGCA23_HEAD_SUB_15,Power2,2.37688442211055,-0.0550664501172452,1
R_HEAD_DGCA23_HEAD_SUB_15,Power2,2.38693467336683,-0.0547657841391914,1
R_HEAD_DGCA23_HEAD_SUB_15,Power2,2.39698492462312,-0.0544680128011845,1
R_HEAD_DGCA23_HEAD_SUB_15,Power2,2.4070351758794,-0.0541730962729312,1
R_HEAD_DGCA23_HEAD_SUB_15,Power2,2.41708542713568,-0.0538809954354374,1
R_HEAD_DGCA23_HEAD_SUB_15,Power2,2.42713567839196,-0.0535916718654152,1
R_HEAD_DGCA23_HEAD_SUB_15,Power2,2.43718592964824,-0.0533050878200941,1
R_HEAD_DGCA23_HEAD_SUB_15,Power2,2.44723618090452,-0.0530212062224242,1
R_HEAD_DGCA23_HEAD_SUB_15,Power2,2.4572864321608,-0.0527399906466616,1
R_HEAD_DGCA23_HEAD_SUB_15,Power2,2.46733668341709,-0.052461405304322,1
R_HEAD_DGCA23_HEAD_SUB_15,Power2,2.47738693467337,-0.0521854150304939,1
R_HEAD_DGCA23_HEAD_SUB_15,Power2,2.48743718592965,-0.0519119852704994,1
R_HEAD_DGCA23_HEAD_SUB_15,Power2,2.49748743718593,-0.0516410820668927,1
R_HEAD_DGCA23_HEAD_SUB_15,Power2,2.50753768844221,-0.0513726720467871,1
R_HEAD_DGCA23_HEAD_SUB_15,Power2,2.51758793969849,-0.0511067224095,1
R_HEAD_DGCA23_HEAD_SUB_15,Power2,2.52763819095477,-0.050843200914507,1
R_HEAD_DGCA23_HEAD_SUB_15,Power2,2.53768844221106,-0.0505820758696969,1
R_HEAD_DGCA23_HEAD_SUB_15,Power2,2.54773869346734,-0.0503233161199172,1
R_HEAD_DGCA23_HEAD_SUB_15,Power2,2.55778894472362,-0.0500668910358043,1
R_HEAD_DGCA23_HEAD_SUB_15,Power2,2.5678391959799,-0.0498127705028875,1
R_HEAD_DGCA23_HEAD_SUB_15,Power2,2.57788944723618,-0.0495609249109609,1
R_HEAD_DGCA23_HEAD_SUB_15,Power2,2.58793969849246,-0.0493113251437157,1
R_HEAD_DGCA23_HEAD_SUB_15,Power2,2.59798994974874,-0.0490639425686238,1
R_HEAD_DGCA23_HEAD_SUB_15,Power2,2.60804020100502,-0.0488187490270675,1
R_HEAD_DGCA23_HEAD_SUB_15,Power2,2.61809045226131,-0.0485757168247075,1
R_HEAD_DGCA23_HEAD_SUB_15,Power2,2.62814070351759,-0.0483348187220829,1
R_HEAD_DGCA23_HEAD_SUB_15,Power2,2.63819095477387,-0.048096027925436,1
R_HEAD_DGCA23_HEAD_SUB_15,Power2,2.64824120603015,-0.0478593180777569,1
R_HEAD_DGCA23_HEAD_SUB_15,Power2,2.65829145728643,-0.0476246632500411,1
R_HEAD_DGCA23_HEAD_SUB_15,Power2,2.66834170854271,-0.047392037932754,1
R_HEAD_DGCA23_HEAD_SUB_15,Power2,2.67839195979899,-0.0471614170274972,1
R_HEAD_DGCA23_HEAD_SUB_15,Power2,2.68844221105528,-0.0469327758388713,1
R_HEAD_DGCA23_HEAD_SUB_15,Power2,2.69849246231156,-0.0467060900665283,1
R_HEAD_DGCA23_HEAD_SUB_15,Power2,2.70854271356784,-0.0464813357974111,1
R_HEAD_DGCA23_HEAD_SUB_15,Power2,2.71859296482412,-0.0462584894981724,1
R_HEAD_DGCA23_HEAD_SUB_15,Power2,2.7286432160804,-0.0460375280077698,1
R_HEAD_DGCA23_HEAD_SUB_15,Power2,2.73869346733668,-0.0458184285302322,1
R_HEAD_DGCA23_HEAD_SUB_15,Power2,2.74874371859296,-0.0456011686275919,1
R_HEAD_DGCA23_HEAD_SUB_15,Power2,2.75879396984925,-0.0453857262129798,1
R_HEAD_DGCA23_HEAD_SUB_15,Power2,2.76884422110553,-0.0451720795438774,1
R_HEAD_DGCA23_HEAD_SUB_15,Power2,2.77889447236181,-0.0449602072155231,1
R_HEAD_DGCA23_HEAD_SUB_15,Power2,2.78894472361809,-0.0447500881544673,1
R_HEAD_DGCA23_HEAD_SUB_15,Power2,2.79899497487437,-0.0445417016122743,1
R_HEAD_DGCA23_HEAD_SUB_15,Power2,2.80904522613065,-0.0443350271593646,1
R_HEAD_DGCA23_HEAD_SUB_15,Power2,2.81909547738693,-0.0441300446789967,1
R_HEAD_DGCA23_HEAD_SUB_15,Power2,2.82914572864322,-0.0439267343613829,1
R_HEAD_DGCA23_HEAD_SUB_15,Power2,2.8391959798995,-0.0437250766979355,1
R_HEAD_DGCA23_HEAD_SUB_15,Power2,2.84924623115578,-0.0435250524756424,1
R_HEAD_DGCA23_HEAD_SUB_15,Power2,2.85929648241206,-0.0433266427715654,1
R_HEAD_DGCA23_HEAD_SUB_15,Power2,2.86934673366834,-0.043129828947461,1
R_HEAD_DGCA23_HEAD_SUB_15,Power2,2.87939698492462,-0.0429345926445188,1
R_HEAD_DGCA23_HEAD_SUB_15,Power2,2.8894472361809,-0.0427409157782152,1
R_HEAD_DGCA23_HEAD_SUB_15,Power2,2.89949748743719,-0.0425487805332796,1
R_HEAD_DGCA23_HEAD_SUB_15,Power2,2.90954773869347,-0.0423581693587695,1
R_HEAD_DGCA23_HEAD_SUB_15,Power2,2.91959798994975,-0.0421690649632532,1
R_HEAD_DGCA23_HEAD_SUB_15,Power2,2.92964824120603,-0.0419814503100954,1
R_HEAD_DGCA23_HEAD_SUB_15,Power2,2.93969849246231,-0.0417953086128455,1
R_HEAD_DGCA23_HEAD_SUB_15,Power2,2.94974874371859,-0.0416106233307234,1
R_HEAD_DGCA23_HEAD_SUB_15,Power2,2.95979899497487,-0.0414273781642032,1
R_HEAD_DGCA23_HEAD_SUB_15,Power2,2.96984924623116,-0.0412455570506899,1
R_HEAD_DGCA23_HEAD_SUB_15,Power2,2.97989949748744,-0.0410651441602884,1
R_HEAD_DGCA23_HEAD_SUB_15,Power2,2.98994974874372,-0.0408861238916619,1
R_HEAD_DGCA23_HEAD_SUB_15,Power2,3,-0.0407084808679775,1
